[null,{"name":"help","permissions":"BAN_MEMBERS","restriction":"1","actions":[{"channel":"0","varName":"","message":">-------- <🐻> VEDIBOT <🐻> --------<\n:ban @user - BLOKUJE UŻYTKOWNIKA.\n:kick @user - WYRZUCA UŻYTKOWNIKA.\n:unban @user - ODBLOKOWYWUJE UŻYTKOWNIKA.\n:mute @user - WYCISZA UŻYTKOWNIKA.\n:unmute @user - ODCISZA UŻYTKOWNIKA.\n:dodaj - WYSYŁA ZAPROSZENIE.\n:alert @message - WYSYŁA ALERT DLA WSZYSTKICH.\n>-------- <🐻> VEDIBOT <🐻> --------<","storage":"0","varName2":"","name":"Send Message"}]},{"name":"kick","permissions":"KICK_MEMBERS","restriction":"1","actions":[{"member":"0","varName":"","reason":"ZOSTALES WYRZUCONY Z SERWERA PRZEZ: ${member}","name":"Kick Member"},{"channel":"0","varName":"","message":"${member} WYRZUCIŁ Z SERWERA: ${mentionedUser}","storage":"0","varName2":"","name":"Send Message"}]},{"name":"ban","permissions":"BAN_MEMBERS","restriction":"1","actions":[{"member":"0","varName":"","reason":"ZOSTALES ZBANOWANY NA TYM SERWERZE PRZEZ: ${member}","name":"Ban Member"},{"channel":"0","varName":"","message":"${member} ZBANOWAL GRACZA: ${mentionedUser}","storage":"0","varName2":"","name":"Send Message"}]},{"name":"mute","permissions":"MUTE_MEMBERS","restriction":"1","actions":[{"member":"0","varName":"","mute":"0","name":"Set Member Mute"},{"channel":"0","varName":"","message":"${member} WYCISZYŁ GRACZA: ${mentionedUser}\n","storage":"0","varName2":"","name":"Send Message"}]},{"name":"unmute","permissions":"MUTE_MEMBERS","restriction":"1","actions":[{"member":"0","varName":"","mute":"1","name":"Set Member Mute"},{"channel":"0","varName":"","message":"${member} ODCISZYŁ GRACZ: ${mentionedUser}","storage":"0","varName2":"","name":"Send Message"}]},{"name":"unban","permissions":"NONE","restriction":"1","actions":[{"member":"0","varName":"","reason":"ZOSTALES ODBANOWANY NA SERWERZE!","name":"Unban Member"},{"channel":"0","varName":"","message":"GRACZ ${mentionedUser} ZOSTAL ODBANOWANY PRZEZ: ${member}","storage":"0","varName2":"","name":"Send Message"}]},{"name":"alert","permissions":"NONE","restriction":"1","actions":[{"channel":"0","varName":"","message":"⛔️UWAGA⛔️\n>> ${tempVars(\"message\")}\n⛔️UWAGA⛔️","storage":"1","varName2":"message","name":"Send Message"}]},{"name":"dodaj","permissions":"NONE","restriction":"1","actions":[]},{"name":"NewCommand","permissions":"NONE","restriction":"1","actions":[]}]